id,case_number,date,block,primary_type,description,location_description,latitude,longitude
14122603,JK163838,2026-02-27T00:00:00.000,023XX N WESTERN AVE,MOTOR VEHICLE THEFT,AUTOMOBILE,STREET,41.924348356,-87.687624607
14127318,JK169260,2026-02-27T00:00:00.000,018XX W CHICAGO AVE,OTHER OFFENSE,HARASSMENT BY ELECTRONIC MEANS,RESIDENCE,41.895969127,-87.673427914
14123539,JK164866,2026-02-27T00:00:00.000,085XX S CALIFORNIA AVE,OTHER OFFENSE,HARASSMENT BY TELEPHONE,RESIDENCE,41.739125643,-87.692348774
14127412,JK169721,2026-02-27T00:00:00.000,060XX S MOODY AVE,THEFT,$500 AND UNDER,RESIDENCE,41.782630553,-87.775340193
14123737,JK165191,2026-02-27T00:00:00.000,046XX S WINCHESTER AVE,CRIMINAL DAMAGE,TO VEHICLE,STREET,41.809497963,-87.673501841
14122483,JK163723,2026-02-27T00:00:00.000,015XX S LAWNDALE AVE,DECEPTIVE PRACTICE,ATTEMPT - FINANCIAL IDENTITY THEFT,RESIDENCE,41.86000175,-87.717672952
14126474,JK168566,2026-02-27T00:00:00.000,001XX W OAK ST,OTHER OFFENSE,TELEPHONE THREAT,APARTMENT,41.900546929,-87.633632427
14122756,JK164075,2026-02-27T00:00:00.000,038XX N BROADWAY,THEFT,OVER $500,RESTAURANT,41.951617169,-87.649620689
14122997,JK164371,2026-02-27T00:00:00.000,045XX N CLARENDON AVE,MOTOR VEHICLE THEFT,AUTOMOBILE,STREET,41.963880376,-87.649971265
14124316,JK165950,2026-02-27T00:00:00.000,015XX N SEDGWICK ST,THEFT,FROM BUILDING,APARTMENT,41.910022484,-87.63855839
14124215,JK165122,2026-02-27T00:00:00.000,013XX N BELL AVE,BURGLARY,UNLAWFUL ENTRY,RESIDENCE - GARAGE,41.905842379,-87.683443248
14123968,JK164701,2026-02-26T23:59:00.000,019XX W Nelson St,THEFT,OVER $500,STREET,41.936854423,-87.677089885
14122313,JK163385,2026-02-26T23:50:00.000,049XX W WABANSIA AVE,CRIMINAL DAMAGE,TO VEHICLE,STREET,41.911403881,-87.750203842
14122338,JK163372,2026-02-26T23:39:00.000,021XX S CHRISTIANA AVE,BATTERY,SIMPLE,RESIDENCE,41.852709765,-87.708940962
14122311,JK163425,2026-02-26T23:38:00.000,074XX S EMERALD AVE,OFFENSE INVOLVING CHILDREN,ENDANGERING LIFE / HEALTH OF CHILD,STREET,41.759350961,-87.64304489
14122535,JK163663,2026-02-26T23:35:00.000,074XX W ROSEDALE AVE,BURGLARY,BURGLARY FROM MOTOR VEHICLE,RESIDENCE,41.98566269,-87.813074239
14122301,JK163363,2026-02-26T23:26:00.000,025XX W MARQUETTE RD,BATTERY,DOMESTIC BATTERY SIMPLE,APARTMENT,41.771924425,-87.68675442
14122316,JK163371,2026-02-26T23:15:00.000,005XX W 117TH ST,BATTERY,DOMESTIC BATTERY SIMPLE,RESIDENCE,41.681526142,-87.635087768
14122280,JK163359,2026-02-26T23:02:00.000,039XX W ROOSEVELT RD,BATTERY,SIMPLE,GAS STATION,41.866184544,-87.724361483
14123536,JK164908,2026-02-26T23:00:00.000,037XX S WASHTENAW AVE,MOTOR VEHICLE THEFT,AUTOMOBILE,STREET,41.825293027,-87.69222748
14122370,JK163470,2026-02-26T23:00:00.000,112XX S VERNON AVE,MOTOR VEHICLE THEFT,AUTOMOBILE,STREET,41.690481602,-87.612093277
14122816,JK163985,2026-02-26T23:00:00.000,026XX W NORTH AVE,CRIMINAL DAMAGE,TO VEHICLE,OTHER (SPECIFY),41.910260556,-87.692715243
14122675,JK163927,2026-02-26T23:00:00.000,010XX N SPRINGFIELD AVE,DECEPTIVE PRACTICE,FRAUD OR CONFIDENCE GAME,APARTMENT,41.899798457,-87.723774067
14122333,JK163353,2026-02-26T23:00:00.000,025XX W 63RD ST,BATTERY,DOMESTIC BATTERY SIMPLE,RESTAURANT,41.77921113,-87.686860878
14122329,JK163438,2026-02-26T23:00:00.000,068XX S CORNELL AVE,BURGLARY,UNLAWFUL ENTRY,APARTMENT,41.770917101,-87.585015112
14122265,JK163380,2026-02-26T23:00:00.000,003XX N CENTRAL AVE,THEFT,OVER $500,APARTMENT,41.886275336,-87.765078145
14123068,JK163479,2026-02-26T23:00:00.000,004XX N MILWAUKEE AVE,THEFT,OVER $500,STREET,41.890839244,-87.647055604
14122319,JK163365,2026-02-26T23:00:00.000,086XX S PHILLIPS AVE,CRIMINAL DAMAGE,TO PROPERTY,RESIDENCE,41.738480671,-87.564822093
14122307,JK163358,2026-02-26T22:53:00.000,079XX S LOOMIS BLVD,WEAPONS VIOLATION,UNLAWFUL USE - HANDGUN,STREET,41.74938252,-87.658561459
14122288,JK163342,2026-02-26T22:47:00.000,013XX S RACINE AVE,WEAPONS VIOLATION,UNLAWFUL POSSESSION - HANDGUN,STREET,41.864702155,-87.656616008
14123135,JK164230,2026-02-26T22:45:00.000,008XX W MONROE ST,OTHER OFFENSE,VIOLATE ORDER OF PROTECTION,COMMERCIAL / BUSINESS OFFICE,41.880486341,-87.647702522
14122443,JK163453,2026-02-26T22:45:00.000,023XX S OAKLEY AVE,OTHER OFFENSE,VIOLATE ORDER OF PROTECTION,APARTMENT,41.84989365,-87.683132652
14122277,JK163409,2026-02-26T22:40:00.000,051XX S WABASH AVE,CRIMINAL DAMAGE,TO VEHICLE,RESIDENCE - YARD (FRONT / BACK),41.800872825,-87.624243294
14122271,JK163347,2026-02-26T22:40:00.000,051XX W SUNNYSIDE AVE,BATTERY,DOMESTIC BATTERY SIMPLE,APARTMENT,41.962452201,-87.755687706
14122282,JK163368,2026-02-26T22:33:00.000,032XX W GRACE ST,ASSAULT,AGGRAVATED - HANDGUN,SIDEWALK,41.950271567,-87.708695559
14122367,JK163452,2026-02-26T22:30:00.000,019XX W MADISON ST,CRIMINAL TRESPASS,TO LAND,SPORTS ARENA / STADIUM,41.881348623,-87.674525788
14122300,JK163399,2026-02-26T22:30:00.000,063XX N BROADWAY,CRIMINAL DAMAGE,TO VEHICLE,ALLEY,41.997031894,-87.6604655
14122260,JK163354,2026-02-26T22:27:00.000,070XX S SOUTH SHORE DR,CRIMINAL TRESPASS,TO LAND,APARTMENT,41.767847633,-87.566498814
14123040,JK163477,2026-02-26T22:20:00.000,0000X W Randolph St,CRIMINAL DAMAGE,TO VEHICLE,APARTMENT,41.884485451,-87.628783943
14122230,JK163330,2026-02-26T22:19:00.000,056XX S MICHIGAN AVE,ASSAULT,AGGRAVATED - KNIFE / CUTTING INSTRUMENT,APARTMENT,41.792090686,-87.622396554
14122227,JK163326,2026-02-26T22:15:00.000,004XX W 61ST PL,BATTERY,DOMESTIC BATTERY SIMPLE,APARTMENT,41.782642067,-87.636272391
14122226,JK163337,2026-02-26T22:05:00.000,003XX S DEARBORN ST,PUBLIC PEACE VIOLATION,RECKLESS CONDUCT,CTA STATION,41.877759656,-87.629287444
14122217,JK163314,2026-02-26T22:00:00.000,011XX W 63RD ST,NARCOTICS,POSSESS - CANNABIS MORE THAN 30 GRAMS,STREET,41.779618724,-87.653822953
14122389,JK163549,2026-02-26T22:00:00.000,109XX S HALSTED ST,CRIMINAL DAMAGE,TO VEHICLE,PARKING LOT / GARAGE (NON RESIDENTIAL),41.69522655,-87.642467755
14122575,JK163852,2026-02-26T22:00:00.000,078XX S CREGIER AVE,CRIMINAL DAMAGE,TO VEHICLE,VEHICLE NON-COMMERCIAL,41.752536307,-87.580889521
14122414,JK163619,2026-02-26T22:00:00.000,029XX E 91ST ST,CRIMINAL TRESPASS,TO VEHICLE,STREET,41.730049397,-87.553305569
14122263,JK163339,2026-02-26T22:00:00.000,012XX N LEAVITT ST,BATTERY,DOMESTIC BATTERY SIMPLE,APARTMENT,41.903639709,-87.682157841
14122223,JK163315,2026-02-26T21:59:00.000,055XX W CORCORAN PL,NARCOTICS,POSSESS - CANNABIS MORE THAN 30 GRAMS,PARKING LOT / GARAGE (NON RESIDENTIAL),41.88723623,-87.764052345
14122365,JK163343,2026-02-26T21:53:00.000,085XX S YATES BLVD,ASSAULT,AGGRAVATED - HANDGUN,APARTMENT,41.739797974,-87.566059501
14122269,JK163350,2026-02-26T21:50:00.000,026XX N LINCOLN AVE,BATTERY,SIMPLE,PARKING LOT / GARAGE (NON RESIDENTIAL),41.929242595,-87.654078463
14122701,JK163913,2026-02-26T21:50:00.000,025XX W MONTROSE AVE,BATTERY,SIMPLE,HOSPITAL BUILDING / GROUNDS,41.961287044,-87.692796336
14123061,JK163480,2026-02-26T21:46:00.000,030XX S BONFIELD ST,THEFT,$500 AND UNDER,RESIDENCE - PORCH / HALLWAY,41.83923939,-87.653566891
14122285,JK163306,2026-02-26T21:45:00.000,092XX S COMMERCIAL AVE,CRIMINAL DAMAGE,TO PROPERTY,BARBERSHOP,41.727872617,-87.551207132
14123084,JK164052,2026-02-26T21:45:00.000,092XX S COMMERCIAL AVE,BATTERY,"AGGRAVATED P.O. - HANDS, FISTS, FEET, NO / MINOR INJURY",COMMERCIAL / BUSINESS OFFICE,41.727872617,-87.551207132
14122915,JK163331,2026-02-26T21:40:00.000,0000X E WACKER DR,BATTERY,SIMPLE,CONVENIENCE STORE,41.886863814,-87.626851797
14122931,JK163319,2026-02-26T21:34:00.000,001XX W WACKER DR,BATTERY,DOMESTIC BATTERY SIMPLE,APARTMENT,41.886815622,-87.631523712
14122199,JK163300,2026-02-26T21:30:00.000,013XX W MORSE AVE,BURGLARY,UNLAWFUL ENTRY,APARTMENT,42.007921364,-87.66525544
14122216,JK163322,2026-02-26T21:30:00.000,041XX W 77TH PL,ASSAULT,SIMPLE,STREET,41.752691481,-87.724779434
14122225,JK163298,2026-02-26T21:27:00.000,101XX S HALSTED ST,WEAPONS VIOLATION,UNLAWFUL POSSESSION - HANDGUN,STREET,41.709971739,-87.642910529
14122268,JK163352,2026-02-26T21:21:00.000,061XX S MICHIGAN AVE,BURGLARY,HOME INVASION,APARTMENT,41.782945262,-87.622160269
14122258,JK163303,2026-02-26T21:20:00.000,013XX N LOREL AVE,BATTERY,AGGRAVATED DOMESTIC BATTERY - KNIFE / CUTTING INSTRUMENT,APARTMENT,41.90469007,-87.759731564
14122203,JK163292,2026-02-26T21:15:00.000,015XX W 99TH ST,BATTERY,DOMESTIC BATTERY SIMPLE,APARTMENT,41.713992177,-87.660960837
14122231,JK163329,2026-02-26T21:13:00.000,014XX W 15TH ST,OTHER OFFENSE,HARASSMENT BY TELEPHONE,RESIDENCE,41.861517395,-87.662453482
14123175,JK163338,2026-02-26T21:10:00.000,026XX W PERSHING RD,THEFT,THEFT FROM MOTOR VEHICLE,PARKING LOT / GARAGE (NON RESIDENTIAL),41.822860928,-87.690633793
14122246,JK163295,2026-02-26T21:09:00.000,104XX S FOREST AVE,BURGLARY,HOME INVASION,RESIDENCE,41.704604493,-87.616132208
14122205,JK163289,2026-02-26T21:08:00.000,004XX S CICERO AVE,NARCOTICS,POSSESS - CRACK,ALLEY,41.874725502,-87.745055388
14122179,JK163285,2026-02-26T21:04:00.000,054XX W FERDINAND ST,CRIMINAL DAMAGE,TO VEHICLE,STREET,41.888886505,-87.762039798
14124349,JK165966,2026-02-26T21:00:00.000,007XX W BELDEN AVE,THEFT,OVER $500,STREET,41.9236412,-87.648001323
14123468,JK164788,2026-02-26T21:00:00.000,081XX S ALBANY AVE,DECEPTIVE PRACTICE,FINANCIAL EXPLOITATION OF AN ELDERLY OR DISABLED PERSON,RESIDENCE,41.745286944,-87.699828829
14122476,JK163635,2026-02-26T21:00:00.000,050XX S PRINCETON AVE,CRIMINAL DAMAGE,TO VEHICLE,STREET,41.802714321,-87.633205102
14126445,JK168331,2026-02-26T21:00:00.000,058XX N ARTESIAN AVE,THEFT,$500 AND UNDER,OTHER (SPECIFY),41.987686085,-87.690799295
14122546,JK163787,2026-02-26T21:00:00.000,0000X W SCHILLER ST,BURGLARY,BURGLARY FROM MOTOR VEHICLE,STREET,41.907842927,-87.631234669
14122624,JK163548,2026-02-26T21:00:00.000,045XX N KILBOURN AVE,BATTERY,DOMESTIC BATTERY SIMPLE,APARTMENT,41.963468369,-87.741301925
14126806,JK168853,2026-02-26T21:00:00.000,040XX S MONTGOMERY AVE,THEFT,OVER $500,RESIDENCE - GARAGE,41.820101087,-87.692759865
14122256,JK163286,2026-02-26T21:00:00.000,002XX S MICHIGAN AVE,ASSAULT,SIMPLE,RESTAURANT,41.879235852,-87.624347038
14124689,JK166414,2026-02-26T21:00:00.000,035XX W IRVING PARK RD,THEFT,$500 AND UNDER,RESTAURANT,41.953812687,-87.715998923
14122215,JK163267,2026-02-26T20:51:00.000,037XX E 106TH ST,PROSTITUTION,OTHER PROSTITUTION OFFENSE,COMMERCIAL / BUSINESS OFFICE,41.70272362,-87.533648902
14122181,JK163287,2026-02-26T20:39:00.000,015XX W 69TH ST,INTERFERENCE WITH PUBLIC OFFICER,RESIST / OBSTRUCT / DISARM OFFICER,STREET,41.768561722,-87.663125948
14122209,JK163269,2026-02-26T20:36:00.000,054XX S KEDZIE AVE,THEFT,RETAIL THEFT,SMALL RETAIL STORE,41.794172544,-87.70357593
14122186,JK163308,2026-02-26T20:35:00.000,031XX W OHIO ST,NARCOTICS,POSSESSION OF DRUG EQUIPMENT,SIDEWALK,41.891915276,-87.704622069
14122332,JK163448,2026-02-26T20:30:00.000,035XX S COTTAGE GROVE AVE,ASSAULT,SIMPLE,APARTMENT,41.830530933,-87.610277459
14122558,JK163701,2026-02-26T20:30:00.000,058XX W LELAND AVE,THEFT,OVER $500,RESIDENCE,41.965871846,-87.774049268
14122200,JK163305,2026-02-26T20:20:00.000,026XX W 38TH ST,BURGLARY,BURGLARY FROM MOTOR VEHICLE,STREET,41.824695984,-87.690479691
14122098,JK163246,2026-02-26T20:12:00.000,014XX N CICERO AVE,ASSAULT,SIMPLE,DEPARTMENT STORE,41.90690686,-87.746049479
14122210,JK163268,2026-02-26T20:05:00.000,045XX W CONGRESS PKWY,BATTERY,DOMESTIC BATTERY SIMPLE,APARTMENT,41.87418995,-87.738579646
14122177,JK163241,2026-02-26T20:01:00.000,073XX S LOWE AVE,BATTERY,DOMESTIC BATTERY SIMPLE,APARTMENT,41.760867844,-87.6406462
14122207,JK163254,2026-02-26T20:00:00.000,034XX W PIERCE AVE,BATTERY,DOMESTIC BATTERY SIMPLE,RESIDENCE,41.909115977,-87.713167466
14122159,JK163262,2026-02-26T20:00:00.000,001XX W CERMAK RD,ROBBERY,ARMED - HANDGUN,CTA PLATFORM,41.852868298,-87.63091491
14122158,JK163243,2026-02-26T20:00:00.000,052XX N LINCOLN AVE,THEFT,RETAIL THEFT,GROCERY FOOD STORE,41.977017622,-87.692447486
14122185,JK163256,2026-02-26T20:00:00.000,066XX S LANGLEY AVE,CRIMINAL DAMAGE,TO PROPERTY,APARTMENT,41.774276903,-87.608248087
14122767,JK164007,2026-02-26T20:00:00.000,046XX S KEELER AVE,MOTOR VEHICLE THEFT,AUTOMOBILE,STREET,41.809015971,-87.728523575
14122744,JK164023,2026-02-26T20:00:00.000,006XX N FRANKLIN ST,MOTOR VEHICLE THEFT,AUTOMOBILE,PARKING LOT / GARAGE (NON RESIDENTIAL),41.894335261,-87.635646869
14122456,JK163555,2026-02-26T20:00:00.000,001XX S LAVERGNE AVE,CRIMINAL DAMAGE,TO VEHICLE,VEHICLE NON-COMMERCIAL,41.879187738,-87.74937318
14122524,JK163692,2026-02-26T20:00:00.000,092XX S DOBSON AVE,MOTOR VEHICLE THEFT,AUTOMOBILE,DRIVEWAY - RESIDENTIAL,41.727164159,-87.598538995
14122201,JK163294,2026-02-26T20:00:00.000,021XX E 71ST ST,BATTERY,SIMPLE,GROCERY FOOD STORE,41.766102387,-87.573539169
14122184,JK163283,2026-02-26T20:00:00.000,036XX W LEXINGTON ST,ASSAULT,SIMPLE,STREET,41.871729015,-87.716848135
14122182,JK163239,2026-02-26T19:53:00.000,010XX W MONROE ST,WEAPONS VIOLATION,UNLAWFUL POSSESSION - HANDGUN,STREET,41.880395873,-87.652793028
14122152,JK163251,2026-02-26T19:53:00.000,029XX S DEARBORN ST,CRIMINAL TRESPASS,TO LAND,APARTMENT,41.841855999,-87.628741678
14122247,JK163261,2026-02-26T19:52:00.000,105XX S RHODES AVE,ASSAULT,SIMPLE,RESIDENCE,41.70348756,-87.610003416
14122172,JK163234,2026-02-26T19:52:00.000,014XX E 70TH ST,OTHER OFFENSE,OTHER VEHICLE OFFENSE,APARTMENT,41.767853821,-87.588716387
14122106,JK163259,2026-02-26T19:47:00.000,102XX S STATE ST,NARCOTICS,POSSESS - CANNABIS MORE THAN 30 GRAMS,STREET,41.70869022,-87.623554256
14122275,JK163232,2026-02-26T19:46:00.000,047XX N CLARENDON AVE,BATTERY,"AGGRAVATED - HANDS, FISTS, FEET, NO / MINOR INJURY",HOSPITAL BUILDING / GROUNDS,41.967895809,-87.650082791
14122156,JK163189,2026-02-26T19:34:00.000,031XX W OHIO ST,OTHER OFFENSE,OTHER VEHICLE OFFENSE,STREET,41.891904878,-87.705731347
14122190,JK163244,2026-02-26T19:34:00.000,031XX W FIFTH AVE,STALKING,VIOLATION OF STALKING NO CONTACT ORDER,APARTMENT,41.878530679,-87.705458306
14122308,JK163233,2026-02-26T19:32:00.000,079XX S ST LAWRENCE AVE,ASSAULT,SIMPLE,APARTMENT,41.750594093,-87.610064836
14125551,JK167362,2026-02-26T19:30:00.000,030XX N HAUSSEN CT,BURGLARY,FORCIBLE ENTRY,APARTMENT,41.936563527,-87.723372633
14122178,JK163263,2026-02-26T19:30:00.000,074XX S CLYDE AVE,BATTERY,DOMESTIC BATTERY SIMPLE,ALLEY,41.759972548,-87.573677458
14122460,JK163645,2026-02-26T19:30:00.000,049XX S PAULINA ST,THEFT,$500 AND UNDER,STREET,41.803924097,-87.667279867
14122295,JK163361,2026-02-26T19:30:00.000,006XX N TRUMBULL AVE,THEFT,$500 AND UNDER,STREET,41.892644577,-87.712570228
14122166,JK163213,2026-02-26T19:30:00.000,065XX W BELMONT AVE,BATTERY,SIMPLE,SIDEWALK,41.938247021,-87.790308253
14122198,JK163266,2026-02-26T19:30:00.000,063XX S ASHLAND AVE,BATTERY,AGGRAVATED - KNIFE / CUTTING INSTRUMENT,STREET,41.779012821,-87.664208692
14122195,JK163231,2026-02-26T19:24:00.000,032XX W MARQUETTE RD,BATTERY,DOMESTIC BATTERY SIMPLE,APARTMENT,41.771656489,-87.704236124
14122234,JK163207,2026-02-26T19:22:00.000,044XX N CLARK ST,BATTERY,DOMESTIC BATTERY SIMPLE,RESIDENCE,41.962180393,-87.666075428
14124382,JK166007,2026-02-26T19:16:00.000,071XX S CYRIL AVE,DECEPTIVE PRACTICE,ILLEGAL POSSESSION CASH CARD,APARTMENT,41.764802087,-87.576941433
14122413,JK163573,2026-02-26T19:15:00.000,060XX N OLYMPIA AVE,MOTOR VEHICLE THEFT,AUTOMOBILE,STREET,41.989191042,-87.817786922
14122154,JK163193,2026-02-26T19:10:00.000,011XX S CLARK ST,THEFT,RETAIL THEFT,DEPARTMENT STORE,41.86821682,-87.6304532
14122229,JK163205,2026-02-26T19:09:00.000,062XX S SPAULDING AVE,BATTERY,"AGG. DOMESTIC BATTERY - HANDS, FISTS, FEET, SERIOUS INJURY",RESIDENCE,41.779586612,-87.705577501
14122083,JK163260,2026-02-26T19:08:00.000,019XX E 71ST PL,THEFT,$500 AND UNDER,APARTMENT,41.765286035,-87.577086035
14122088,JK163200,2026-02-26T19:08:00.000,011XX W NORTH SHORE AVE,BATTERY,DOMESTIC BATTERY SIMPLE,APARTMENT,42.003705115,-87.659420206
14122344,JK163450,2026-02-26T19:00:00.000,045XX W 56TH ST,MOTOR VEHICLE THEFT,THEFT / RECOVERY - AUTOMOBILE,STREET,41.791259885,-87.737344685
14121976,JK163188,2026-02-26T19:00:00.000,091XX S SOUTH CHICAGO AVE,THEFT,$500 AND UNDER,APARTMENT,41.729171506,-87.55456177
14122324,JK163313,2026-02-26T19:00:00.000,017XX S STATE ST,THEFT,THEFT FROM MOTOR VEHICLE,STREET,41.858594819,-87.627214427
14122759,JK164040,2026-02-26T19:00:00.000,021XX W PETERSON AVE,THEFT,THEFT FROM MOTOR VEHICLE,PARKING LOT / GARAGE (NON RESIDENTIAL),41.990615196,-87.683188577
14123047,JK163739,2026-02-26T19:00:00.000,043XX S PRAIRIE AVE,CRIMINAL DAMAGE,TO VEHICLE,APARTMENT,41.81607864,-87.619776189
14122496,JK163662,2026-02-26T19:00:00.000,051XX S KOLMAR AVE,MOTOR VEHICLE THEFT,AUTOMOBILE,STREET,41.799240241,-87.736808645
14122232,JK163302,2026-02-26T19:00:00.000,025XX W CORTEZ ST,MOTOR VEHICLE THEFT,AUTOMOBILE,STREET,41.900258118,-87.690313748
14122958,JK164089,2026-02-26T19:00:00.000,043XX S DREXEL BLVD,ASSAULT,SIMPLE,RESIDENCE,41.816048668,-87.604512209
14122165,JK163190,2026-02-26T18:55:00.000,015XX N MILWAUKEE AVE,THEFT,RETAIL THEFT,SMALL RETAIL STORE,41.909909583,-87.676734048
14124741,JK165751,2026-02-26T18:55:00.000,063XX W IRVING PARK RD,THEFT,RETAIL THEFT,GROCERY FOOD STORE,41.952931888,-87.785224325
14122015,JK163148,2026-02-26T18:49:00.000,015XX S HOMAN AVE,THEFT,OVER $500,APARTMENT,41.859973316,-87.710364379
14122000,JK163186,2026-02-26T18:48:00.000,004XX E 91ST ST,THEFT,$500 AND UNDER,RESIDENCE,41.729218166,-87.613041281
14123036,JK163482,2026-02-26T18:45:00.000,004XX E 66th st,THEFT,FROM BUILDING,APARTMENT,41.774800587,-87.614723805
14123067,JK163808,2026-02-26T18:40:00.000,016XX N CLEVELAND AVE,DECEPTIVE PRACTICE,CREDIT CARD FRAUD,SIDEWALK,41.911780066,-87.641041258
14122048,JK163152,2026-02-26T18:35:00.000,008XX W MARQUETTE RD,ROBBERY,ARMED - HANDGUN,STREET,41.772449111,-87.646185488
14122046,JK163179,2026-02-26T18:34:00.000,040XX W SCHOOL ST,ASSAULT,AGGRAVATED - HANDGUN,APARTMENT,41.940873712,-87.727852521
14122727,JK163986,2026-02-26T18:30:00.000,048XX N NEWCASTLE AVE,DECEPTIVE PRACTICE,CREDIT CARD FRAUD,RESIDENCE,41.969475206,-87.797688068
14122349,JK163460,2026-02-26T18:30:00.000,024XX W 63RD ST,MOTOR VEHICLE THEFT,AUTOMOBILE,STREET,41.779232785,-87.685346466
14122267,JK163387,2026-02-26T18:30:00.000,055XX W HARRISON ST,BATTERY,SIMPLE,APARTMENT,41.87284393,-87.763207078
14122065,JK163162,2026-02-26T18:26:00.000,047XX W IRVING PARK RD,BATTERY,SIMPLE,DEPARTMENT STORE,41.953439027,-87.746258499
14122393,JK163545,2026-02-26T18:26:00.000,027XX S MICHIGAN AVE,MOTOR VEHICLE THEFT,AUTOMOBILE,STREET,41.844052668,-87.623597893
14122032,JK163160,2026-02-26T18:25:00.000,048XX N LINCOLN AVE,THEFT,RETAIL THEFT,DRUG STORE,41.968763818,-87.688661831
14124451,JK166119,2026-02-26T18:25:00.000,047XX N SHERIDAN RD,ASSAULT,SIMPLE,STREET,41.968596206,-87.654815176
14122095,JK163155,2026-02-26T18:20:00.000,008XX W 63RD ST,BATTERY,SIMPLE,RESTAURANT,41.779743198,-87.645227698
14121989,JK163150,2026-02-26T18:20:00.000,135XX S AVENUE M,BURGLARY,FORCIBLE ENTRY,RESIDENCE,41.649710333,-87.537455263
14122023,JK163137,2026-02-26T18:15:00.000,073XX S CARPENTER ST,OTHER OFFENSE,TELEPHONE THREAT,RESIDENCE,41.76062688,-87.650361752
14122176,JK163247,2026-02-26T18:15:00.000,015XX S FAIRFIELD AVE,BATTERY,AGGRAVATED - KNIFE / CUTTING INSTRUMENT,STREET,41.861359279,-87.694400341
14121953,JK163151,2026-02-26T18:10:00.000,011XX W 61ST ST,CRIMINAL DAMAGE,TO VEHICLE,RESIDENCE,41.783272695,-87.652655074
14122180,JK163174,2026-02-26T18:10:00.000,040XX S LAKE PARK AVE,CRIMINAL DAMAGE,TO PROPERTY,APARTMENT,41.820982288,-87.601400234
14122237,JK163144,2026-02-26T18:04:00.000,027XX W 38TH PL,WEAPONS VIOLATION,UNLAWFUL POSSESSION - HANDGUN,RESIDENCE,41.823732931,-87.69296948
14121920,JK163140,2026-02-26T18:00:00.000,0000X N KEELER AVE,NARCOTICS,POSSESS - HEROIN (WHITE),STREET,41.881327267,-87.730592602
14122276,JK163349,2026-02-26T18:00:00.000,054XX S MICHIGAN AVE,ASSAULT,SIMPLE,APARTMENT,41.795730196,-87.622492022
14122865,JK164247,2026-02-26T18:00:00.000,010XX N CALIFORNIA AVE,THEFT,THEFT FROM MOTOR VEHICLE,PARKING LOT / GARAGE (NON RESIDENTIAL),41.899665821,-87.696799239
14122420,JK163630,2026-02-26T18:00:00.000,088XX S BURLEY AVE,ASSAULT,SIMPLE,STREET,41.734866441,-87.54577681
14122461,JK163622,2026-02-26T18:00:00.000,072XX S HONORE ST,THEFT,THEFT FROM MOTOR VEHICLE,STREET,41.762365534,-87.669821084
14122410,JK163595,2026-02-26T18:00:00.000,017XX N DRAKE AVE,CRIMINAL DAMAGE,TO VEHICLE,STREET,41.91310513,-87.715024627
14122382,JK163500,2026-02-26T18:00:00.000,061XX W GRAND AVE,BURGLARY,BURGLARY FROM MOTOR VEHICLE,PARKING LOT / GARAGE (NON RESIDENTIAL),41.921156051,-87.778841916
14122006,JK163115,2026-02-26T18:00:00.000,070XX W NEWPORT AVE,BATTERY,SIMPLE,STREET,41.94261939,-87.802217133
14123194,JK164551,2026-02-26T18:00:00.000,004XX E WATERSIDE DR,OTHER OFFENSE,VIOLATE ORDER OF PROTECTION,APARTMENT,41.886915622,-87.616612361
14125672,JK166942,2026-02-26T18:00:00.000,029XX N AVERS AVE,THEFT,OVER $500,STREET,41.934261143,-87.723376196
14122108,JK163124,2026-02-26T17:58:00.000,106XX S WENTWORTH AVE,ASSAULT,AGGRAVATED - HANDGUN,DAY CARE CENTER,41.701407493,-87.628127503
14121987,JK163129,2026-02-26T17:57:00.000,026XX W FLETCHER ST,BATTERY,SIMPLE,OTHER (SPECIFY),41.938545295,-87.693700256
14122193,JK163146,2026-02-26T17:52:00.000,030XX N HAUSSEN CT,BATTERY,DOMESTIC BATTERY SIMPLE,APARTMENT,41.936563527,-87.723372633
14121943,JK163122,2026-02-26T17:50:00.000,117XX S CHURCH ST,BATTERY,DOMESTIC BATTERY SIMPLE,SIDEWALK,41.680752446,-87.671293454
14122189,JK163119,2026-02-26T17:49:00.000,006XX N WELLS ST,THEFT,RETAIL THEFT,SMALL RETAIL STORE,41.894408446,-87.634143853
14122094,JK163211,2026-02-26T17:42:00.000,029XX N SPRINGFIELD AVE,CRIMINAL DAMAGE,TO VEHICLE,RESIDENCE,41.934632679,-87.724611205
14122102,JK163106,2026-02-26T17:41:00.000,018XX N LAWNDALE AVE,OTHER OFFENSE,VIOLATE ORDER OF PROTECTION,ATHLETIC CLUB,41.914403235,-87.719130719
14121992,JK163080,2026-02-26T17:40:00.000,010XX W 47TH ST,OTHER OFFENSE,HARASSMENT BY ELECTRONIC MEANS,RESIDENCE,41.808783752,-87.651299346
14122010,JK163103,2026-02-26T17:34:00.000,033XX W 21ST ST,NARCOTICS,POSSESS - HEROIN (WHITE),SIDEWALK,41.853565259,-87.708304973
14124526,JK166221,2026-02-26T17:30:00.000,112XX S DR MARTIN LUTHER KING JR DR,WEAPONS VIOLATION,RECKLESS FIREARM DISCHARGE,RESIDENCE - YARD (FRONT / BACK),41.689962211,-87.613292647
14122495,JK163613,2026-02-26T17:30:00.000,050XX N MOZART ST,CRIMINAL DAMAGE,TO VEHICLE,STREET,41.972863926,-87.700049897
14122945,JK164311,2026-02-26T17:30:00.000,057XX S CALUMET AVE,MOTOR VEHICLE THEFT,AUTOMOBILE,STREET,41.790597548,-87.617495642
14121935,JK163107,2026-02-26T17:30:00.000,005XX W MADISON ST,ASSAULT,SIMPLE,RESTAURANT,41.881883933,-87.640060441
14123958,JK164692,2026-02-26T17:30:00.000,026XX N CLARK ST,THEFT,RETAIL THEFT,SMALL RETAIL STORE,41.930906002,-87.644017035
14122379,JK163486,2026-02-26T17:30:00.000,049XX S KNOX AVE,THEFT,THEFT FROM MOTOR VEHICLE,STREET,41.803059801,-87.73936261
14122036,JK163216,2026-02-26T17:30:00.000,022XX W GRAND AVE,BURGLARY,FORCIBLE ENTRY,RESTAURANT,41.890719773,-87.683115438
14122162,JK163134,2026-02-26T17:30:00.000,004XX E 40TH ST,ASSAULT,SIMPLE,APARTMENT,41.821135326,-87.6152112
14126125,JK168009,2026-02-26T17:20:00.000,017XX W NELSON ST,CRIMINAL TRESPASS,TO LAND,APARTMENT,41.936921907,-87.671634975
14121994,JK163093,2026-02-26T17:20:00.000,048XX N NEWCASTLE AVE,MOTOR VEHICLE THEFT,AUTOMOBILE,STREET,41.969475206,-87.797688068
14121914,JK163112,2026-02-26T17:15:00.000,023XX E 72ND ST,WEAPONS VIOLATION,RECKLESS FIREARM DISCHARGE,ALLEY,41.764427308,-87.567181002
14121941,JK163090,2026-02-26T17:15:00.000,027XX N CALIFORNIA AVE,DECEPTIVE PRACTICE,ILLEGAL USE CASH CARD,ATHLETIC CLUB,41.930896787,-87.697587655
14122002,JK163094,2026-02-26T17:15:00.000,0000X W 69TH ST,INTERFERENCE WITH PUBLIC OFFICER,RESIST / OBSTRUCT / DISARM OFFICER,CTA TRAIN,41.769185486,-87.625732415
14121929,JK163087,2026-02-26T17:15:00.000,027XX N CALIFORNIA AVE,THEFT,FROM BUILDING,ATHLETIC CLUB,41.930896787,-87.697587655
14121956,JK163070,2026-02-26T17:14:00.000,036XX S PAULINA ST,BATTERY,DOMESTIC BATTERY SIMPLE,RESIDENCE,41.828173356,-87.667898146
14122013,JK163038,2026-02-26T17:09:00.000,039XX W 26TH ST,ASSAULT,SIMPLE,MEDICAL / DENTAL OFFICE,41.844263151,-87.723798692
14121965,JK163052,2026-02-26T17:06:00.000,082XX S EXCHANGE AVE,BATTERY,DOMESTIC BATTERY SIMPLE,RESIDENCE,41.745869517,-87.552784306
14121990,JK163089,2026-02-26T17:06:00.000,023XX S PULASKI RD,NARCOTICS,POSSESS - CANNABIS MORE THAN 30 GRAMS,STREET,41.849473819,-87.724703518
14122079,JK163230,2026-02-26T17:00:00.000,041XX N CALIFORNIA AVE,THEFT,$500 AND UNDER,APARTMENT,41.956572978,-87.698317823
14122873,JK164189,2026-02-26T17:00:00.000,037XX W CORTLAND ST,MOTOR VEHICLE THEFT,AUTOMOBILE,STREET,41.915409152,-87.720958134
14125223,JK166943,2026-02-26T17:00:00.000,002XX E CHICAGO AVE,OTHER OFFENSE,HARASSMENT BY TELEPHONE,HOSPITAL BUILDING / GROUNDS,41.896772914,-87.621464432
14123872,JK163041,2026-02-26T17:00:00.000,011XX N LARRABEE ST,OTHER OFFENSE,TELEPHONE THREAT,POLICE FACILITY / VEHICLE PARKING LOT,41.903113054,-87.643199348
14122031,JK163073,2026-02-26T17:00:00.000,037XX W 81ST ST,MOTOR VEHICLE THEFT,ATTEMPT - AUTOMOBILE,STREET,41.745936374,-87.715781072
14122270,JK163296,2026-02-26T17:00:00.000,0000X E LAKE ST,THEFT,$500 AND UNDER,PARKING LOT / GARAGE (NON RESIDENTIAL),41.885729338,-87.625780935
14121883,JK163050,2026-02-26T16:50:00.000,027XX N MILWAUKEE AVE,CRIMINAL DAMAGE,TO CITY OF CHICAGO PROPERTY,STREET,41.930737828,-87.710139347
14121889,JK163022,2026-02-26T16:47:00.000,015XX N MILWAUKEE AVE,THEFT,RETAIL THEFT,GROCERY FOOD STORE,41.909909583,-87.676734048
14124808,JK166442,2026-02-26T16:45:00.000,013XX S WABASH AVE,BURGLARY,UNLAWFUL ENTRY,APARTMENT,41.86523533,-87.625783004
14121906,JK163026,2026-02-26T16:45:00.000,043XX N SHERIDAN RD,THEFT,RETAIL THEFT,GROCERY FOOD STORE,41.96137851,-87.65474101
14121952,JK163029,2026-02-26T16:35:00.000,050XX N CLARK ST,ROBBERY,STRONG ARM - NO WEAPON,SIDEWALK,41.972759229,-87.667954501
14121871,JK163032,2026-02-26T16:34:00.000,028XX W POLK ST,NARCOTICS,POSSESS - CRACK,STREET,41.871057281,-87.696837157
14122385,JK163531,2026-02-26T16:30:00.000,046XX N MARINE DR,MOTOR VEHICLE THEFT,AUTOMOBILE,STREET,41.965972307,-87.648731817
14123697,JK165024,2026-02-26T16:30:00.000,018XX W HARRISON ST,THEFT,THEFT FROM MOTOR VEHICLE,HOTEL / MOTEL,41.874095762,-87.673124235
14121917,JK163014,2026-02-26T16:30:00.000,016XX N WASHTENAW AVE,BATTERY,DOMESTIC BATTERY SIMPLE,RESIDENCE,41.910869059,-87.694557108
14121928,JK163016,2026-02-26T16:29:00.000,011XX S CLARK ST,THEFT,RETAIL THEFT,SMALL RETAIL STORE,41.86821682,-87.6304532
14121912,JK163062,2026-02-26T16:20:00.000,0000X N DEARBORN ST,BATTERY,SIMPLE,CTA PLATFORM,41.882381731,-87.629412971
14121868,JK162995,2026-02-26T16:20:00.000,044XX W 16TH ST,NARCOTICS,FOUND SUSPECT NARCOTICS,VACANT LOT / LAND,41.858703246,-87.736296722
14121918,JK163004,2026-02-26T16:20:00.000,007XX W GARFIELD BLVD,BATTERY,DOMESTIC BATTERY SIMPLE,PARKING LOT / GARAGE (NON RESIDENTIAL),41.794321624,-87.643982631
14122157,JK163001,2026-02-26T16:16:00.000,036XX S ARCHER AVE,ROBBERY,STRONG ARM - NO WEAPON,DEPARTMENT STORE,41.827373751,-87.682568055
14122469,JK163700,2026-02-26T16:15:00.000,132XX S CORLISS AVE,OTHER OFFENSE,HARASSMENT BY ELECTRONIC MEANS,APARTMENT,41.655440547,-87.60232615
14122072,JK162984,2026-02-26T16:10:00.000,016XX W 81ST ST,BATTERY,DOMESTIC BATTERY SIMPLE,APARTMENT,41.746705412,-87.663950624
14121885,JK162968,2026-02-26T16:06:00.000,004XX E 111TH ST,BATTERY,SIMPLE,STREET,41.692744415,-87.612767328
14123053,JK163704,2026-02-26T16:05:00.000,038XX N MONTICELLO AVE,THEFT,THEFT FROM MOTOR VEHICLE,RESIDENCE,41.951089858,-87.718962454
14121964,JK163168,2026-02-26T16:00:00.000,128XX S SAGINAW AVE,CRIMINAL TRESPASS,TO LAND,RESIDENCE,41.661970168,-87.558058233
14126413,JK168578,2026-02-26T16:00:00.000,017XX N HONORE ST,BURGLARY,BURGLARY FROM MOTOR VEHICLE,STREET,41.913221908,-87.673867455
14123347,JK164586,2026-02-26T16:00:00.000,022XX S HALSTED ST,CRIMINAL SEXUAL ASSAULT,NON-AGGRAVATED,OTHER (SPECIFY),41.851436512,-87.646460241
14126294,JK168422,2026-02-26T16:00:00.000,025XX W DIVISION ST,THEFT,FROM BUILDING,COMMERCIAL / BUSINESS OFFICE,41.902988981,-87.689885947
14126658,JK167811,2026-02-26T15:57:00.000,024XX N CAMPBELL AVE,THEFT,FROM BUILDING,RESIDENCE - PORCH / HALLWAY,41.925803058,-87.690116092
14125038,JK163755,2026-02-26T15:55:00.000,012XX N CLYBOURN AVE,ASSAULT,SIMPLE,SIDEWALK,41.90406511,-87.63997849
14121881,JK162976,2026-02-26T15:55:00.000,033XX W MADISON ST,ASSAULT,AGGRAVATED - OTHER DANGEROUS WEAPON,PARKING LOT / GARAGE (NON RESIDENTIAL),41.88093546,-87.709132611
14123063,JK163509,2026-02-26T15:54:00.000,026XX N CLARK ST,THEFT,RETAIL THEFT,SMALL RETAIL STORE,41.930906002,-87.644017035
14121915,JK162950,2026-02-26T15:52:00.000,045XX S WESTERN BLVD,THEFT,RETAIL THEFT,SMALL RETAIL STORE,41.810693516,-87.683929054
14122161,JK163185,2026-02-26T15:52:00.000,010XX N LEAMINGTON AVE,ROBBERY,ARMED - HANDGUN,STREET,41.899257545,-87.75447609
14121981,JK163002,2026-02-26T15:50:00.000,008XX N NOBLE ST,ASSAULT,AGGRAVATED - KNIFE / CUTTING INSTRUMENT,CHA APARTMENT,41.896956409,-87.662424292
14121893,JK162957,2026-02-26T15:50:00.000,003XX N WABASH AVE,CRIMINAL TRESPASS,TO LAND,RESTAURANT,41.887289694,-87.626490873
14122067,JK162998,2026-02-26T15:49:00.000,081XX S MARYLAND AVE,CRIMINAL TRESPASS,TO RESIDENCE,APARTMENT,41.746641335,-87.603835632
14121839,JK162964,2026-02-26T15:46:00.000,109XX S DOTY AVE E,THEFT,$500 AND UNDER,DEPARTMENT STORE,41.695908161,-87.595822806
14121968,JK162948,2026-02-26T15:41:00.000,091XX S DOBSON AVE,BATTERY,DOMESTIC BATTERY SIMPLE,RESIDENCE,41.728761607,-87.598579407
14121903,JK162963,2026-02-26T15:40:00.000,007XX W 54TH ST,BATTERY,AGGRAVATED DOMESTIC BATTERY - OTHER DANGEROUS WEAPON,APARTMENT,41.796143167,-87.644329841
14122092,JK163153,2026-02-26T15:40:00.000,069XX S MERRILL AVE,BATTERY,SIMPLE,SCHOOL - PUBLIC BUILDING,41.769014078,-87.572709347
14122191,JK162941,2026-02-26T15:36:00.000,013XX N PARKSIDE AVE,ASSAULT,SIMPLE,RESIDENCE,41.904478928,-87.766951871
14121874,JK162965,2026-02-26T15:36:00.000,066XX S KIMBARK AVE,BATTERY,SIMPLE,SCHOOL - PUBLIC GROUNDS,41.774093347,-87.594513536
14123514,JK164906,2026-02-26T15:32:00.000,019XX W PERSHING RD,DECEPTIVE PRACTICE,FINANCIAL IDENTITY THEFT OVER $ 300,RESIDENCE,41.823264592,-87.673257789
14121901,JK163048,2026-02-26T15:30:00.000,044XX S GREENWOOD AVE,DECEPTIVE PRACTICE,FORGERY,APARTMENT,41.814009772,-87.599355675
14127077,JK169168,2026-02-26T15:30:00.000,081XX S VINCENNES AVE,ASSAULT,SIMPLE,SCHOOL - PUBLIC GROUNDS,41.74621174,-87.635406033
14121861,JK163043,2026-02-26T15:30:00.000,066XX S KIMBARK AVE,BATTERY,SIMPLE,SCHOOL - PUBLIC GROUNDS,41.774093347,-87.594513536
14122374,JK163484,2026-02-26T15:30:00.000,070XX W MEDILL AVE,MOTOR VEHICLE THEFT,AUTOMOBILE,OTHER (SPECIFY),41.922332682,-87.801327143
14121896,JK163051,2026-02-26T15:29:00.000,013XX W CHASE AVE,BATTERY,DOMESTIC BATTERY SIMPLE,APARTMENT,42.013929731,-87.665015933
14121909,JK162916,2026-02-26T15:28:00.000,015XX W MONROE ST,BURGLARY,BURGLARY FROM MOTOR VEHICLE,ALLEY,41.880195761,-87.664979164
14122610,JK163784,2026-02-26T15:23:00.000,0000X E GRAND AVE,DECEPTIVE PRACTICE,CREDIT CARD FRAUD,DEPARTMENT STORE,41.891694878,-87.626155832
14121986,JK162903,2026-02-26T15:22:00.000,032XX W CERMAK RD,BATTERY,SIMPLE,GAS STATION,41.851761264,-87.705602716
14124723,JK165750,2026-02-26T15:20:00.000,046XX W FOSTER AVE,THEFT,RETAIL THEFT,SMALL RETAIL STORE,41.975370278,-87.744023432
14121851,JK162899,2026-02-26T15:16:00.000,012XX W 63RD ST,CRIMINAL TRESPASS,TO LAND,RESTAURANT,41.779605366,-87.654813009
14124114,JK165558,2026-02-26T15:15:00.000,041XX S ARCHER AVE,DECEPTIVE PRACTICE,CREDIT CARD FRAUD,OTHER (SPECIFY),41.818932792,-87.696352058
14122096,JK162967,2026-02-26T15:15:00.000,060XX W BLOOMINGDALE AVE,BATTERY,DOMESTIC BATTERY SIMPLE,RESIDENCE,41.912896261,-87.776080775
14121807,JK162925,2026-02-26T15:14:00.000,080XX S LAFAYETTE AVE,THEFT,$500 AND UNDER,RESIDENCE - YARD (FRONT / BACK),41.748424975,-87.625751563
14122077,JK162981,2026-02-26T15:09:00.000,039XX W 70TH PL,ASSAULT,AGGRAVATED - OTHER DANGEROUS WEAPON,RESIDENCE,41.76502302,-87.720905754
14121998,JK163157,2026-02-26T15:09:00.000,065XX W FOSTER AVE,THEFT,THEFT FROM MOTOR VEHICLE,STREET,41.975629141,-87.790976402
14122408,JK163566,2026-02-26T15:00:00.000,044XX S CALUMET AVE,MOTOR VEHICLE THEFT,AUTOMOBILE,VEHICLE NON-COMMERCIAL,41.814104479,-87.618286757
14122538,JK163814,2026-02-26T15:00:00.000,015XX W CHICAGO AVE,BURGLARY,BURGLARY FROM MOTOR VEHICLE,PARKING LOT / GARAGE (NON RESIDENTIAL),41.89608765,-87.666392886
14122235,JK163348,2026-02-26T15:00:00.000,055XX W OHIO ST,CRIMINAL DAMAGE,TO VEHICLE,STREET,41.891101561,-87.764341225
14124472,JK163191,2026-02-26T15:00:00.000,013XX N MASSASOIT AVE,OFFENSE INVOLVING CHILDREN,CHILD ABUSE,SCHOOL - PUBLIC BUILDING,41.904650055,-87.769382218
14122844,JK164203,2026-02-26T15:00:00.000,010XX W BRYN MAWR AVE,THEFT,OVER $500,COMMERCIAL / BUSINESS OFFICE,41.983673036,-87.657174571
14121838,JK162887,2026-02-26T15:00:00.000,056XX S EMERALD AVE,BATTERY,DOMESTIC BATTERY SIMPLE,APARTMENT,41.791664513,-87.643875422
14125843,JK167677,2026-02-26T15:00:00.000,011XX W 18TH ST,OFFENSE INVOLVING CHILDREN,CONTRIBUTE TO THE DELINQUENCY OF CHILD,SMALL RETAIL STORE,41.857988682,-87.654117214
14122326,JK163447,2026-02-26T15:00:00.000,087XX S KINGSTON AVE,DECEPTIVE PRACTICE,FORGERY,APARTMENT,41.736370612,-87.562410769
14121873,JK162873,2026-02-26T14:59:00.000,013XX S KARLOV AVE,CRIMINAL TRESPASS,TO RESIDENCE,APARTMENT,41.863797393,-87.727541335
14121773,JK162871,2026-02-26T14:51:00.000,006XX N KEDZIE AVE,NARCOTICS,POSSESS - CRACK,ALLEY,41.892372642,-87.706461327
14121848,JK162946,2026-02-26T14:50:00.000,049XX W SCHUBERT AVE,OTHER OFFENSE,TELEPHONE THREAT,APARTMENT,41.929678531,-87.749824286
14123058,JK163533,2026-02-26T14:50:00.000,053XX W GALEWOOD AVE,DECEPTIVE PRACTICE,FINANCIAL IDENTITY THEFT OVER $ 300,,41.915108689,-87.760031412
14121804,JK162841,2026-02-26T14:41:00.000,046XX W IRVING PARK RD,THEFT,RETAIL THEFT,GROCERY FOOD STORE,41.953443342,-87.744957048
14122637,JK163748,2026-02-26T14:40:00.000,015XX W 95TH ST,BATTERY,SIMPLE,SCHOOL - PUBLIC GROUNDS,41.721224132,-87.662013664
14121786,JK162849,2026-02-26T14:36:00.000,049XX W HENDERSON ST,ASSAULT,AGGRAVATED - OTHER DANGEROUS WEAPON,ALLEY,41.941513502,-87.750734541
14121794,JK162851,2026-02-26T14:30:00.000,044XX N BROADWAY,THEFT,RETAIL THEFT,DEPARTMENT STORE,41.963070794,-87.655984213
14121802,JK162898,2026-02-26T14:30:00.000,022XX W CERMAK RD,DECEPTIVE PRACTICE,THEFT OF LOST / MISLAID PROPERTY,OTHER (SPECIFY),41.852093721,-87.681051227
14126487,JK168528,2026-02-26T14:30:00.000,035XX N HALSTED ST,THEFT,$500 AND UNDER,MEDICAL / DENTAL OFFICE,41.945688582,-87.649437757
14121795,JK162891,2026-02-26T14:30:00.000,022XX W CERMAK RD,DECEPTIVE PRACTICE,CREDIT CARD FRAUD,OTHER (SPECIFY),41.852093721,-87.681051227
14122070,JK162858,2026-02-26T14:29:00.000,020XX W FARGO AVE,CRIMINAL TRESPASS,TO RESIDENCE,APARTMENT,42.016479095,-87.682207621
14121931,JK162986,2026-02-26T14:22:00.000,027XX N MILWAUKEE AVE,THEFT,RETAIL THEFT,DEPARTMENT STORE,41.931574051,-87.711516699
14121863,JK162885,2026-02-26T14:15:00.000,087XX S MORGAN ST,BATTERY,DOMESTIC BATTERY SIMPLE,APARTMENT,41.735082595,-87.648470792
14121882,JK163060,2026-02-26T14:15:00.000,009XX W 54TH ST,THEFT,$500 AND UNDER,RESIDENCE - YARD (FRONT / BACK),41.795993831,-87.648728513
14125683,JK166652,2026-02-26T14:15:00.000,006XX N LA SALLE DR,THEFT,RETAIL THEFT,SMALL RETAIL STORE,41.893469034,-87.632648229
14121855,JK162994,2026-02-26T14:15:00.000,013XX W 95TH ST,THEFT,OVER $500,SCHOOL - PUBLIC BUILDING,41.721303358,-87.655873595
14122518,JK162815,2026-02-26T14:13:00.000,025XX W DEVON AVE,OTHER OFFENSE,LICENSE VIOLATION,SMALL RETAIL STORE,41.997677668,-87.692758946
14121985,JK162921,2026-02-26T14:10:00.000,075XX S SOUTH SHORE DR,ASSAULT,SIMPLE,SCHOOL - PUBLIC BUILDING,41.760067375,-87.556666012
14121890,JK162876,2026-02-26T14:08:00.000,011XX W JACKSON BLVD,THEFT,RETAIL THEFT,SMALL RETAIL STORE,41.877822179,-87.655181405
14121878,JK163039,2026-02-26T14:08:00.000,057XX S SANGAMON ST,ASSAULT,AGGRAVATED - HANDGUN,STREET,41.78999187,-87.648693371
14123046,JK163688,2026-02-26T14:07:00.000,020XX W MC LEAN AVE,THEFT,$500 AND UNDER,RESIDENCE,41.918500673,-87.678946094
14121756,JK162816,2026-02-26T14:06:00.000,012XX S MILLARD AVE,NARCOTICS,POSSESS - CRACK,SIDEWALK,41.865413217,-87.716611442
14126585,JK168726,2026-02-26T14:00:00.000,077XX S PEORIA ST,OFFENSE INVOLVING CHILDREN,CRIMINAL SEXUAL ABUSE BY FAMILY MEMBER,RESIDENCE,41.753770844,-87.646549669
14121892,JK163056,2026-02-26T14:00:00.000,066XX N BOSWORTH AVE,BATTERY,SIMPLE,SCHOOL - PUBLIC BUILDING,42.002478396,-87.66929687
14121916,JK163021,2026-02-26T14:00:00.000,044XX S DREXEL BLVD,BATTERY,SIMPLE,SCHOOL - PUBLIC GROUNDS,41.814162811,-87.603994347
14122253,JK163328,2026-02-26T14:00:00.000,046XX S RICHMOND ST,BATTERY,DOMESTIC BATTERY SIMPLE,RESIDENCE,41.809470933,-87.697913026
14122097,JK163195,2026-02-26T14:00:00.000,082XX S EXCHANGE AVE,THEFT,OVER $500,APARTMENT,41.745869517,-87.552784306
14122415,JK163615,2026-02-26T14:00:00.000,022XX N SHEFFIELD AVE,THEFT,OVER $500,ATHLETIC CLUB,41.922507677,-87.653514209
14122030,JK163156,2026-02-26T14:00:00.000,100XX S HALSTED ST,MOTOR VEHICLE THEFT,AUTOMOBILE,PARKING LOT / GARAGE (NON RESIDENTIAL),41.711714647,-87.642954141
14123066,JK163519,2026-02-26T14:00:00.000,052XX N SHERIDAN RD,DECEPTIVE PRACTICE,FINANCIAL IDENTITY THEFT OVER $ 300,,41.977225127,-87.655010442
14121765,JK162798,2026-02-26T13:59:00.000,011XX W ARGYLE ST,THEFT,RETAIL THEFT,CONVENIENCE STORE,41.973265598,-87.658329054
14122569,JK163744,2026-02-26T13:50:00.000,0000X S SANGAMON ST,THEFT,OVER $500,COMMERCIAL / BUSINESS OFFICE,41.881394251,-87.650854549
14121923,JK163091,2026-02-26T13:45:00.000,007XX W DIVERSEY PKWY,THEFT,RETAIL THEFT,SMALL RETAIL STORE,41.932738985,-87.648117094
14123038,JK163681,2026-02-26T13:37:00.000,026XX N CLARK ST,THEFT,RETAIL THEFT,SMALL RETAIL STORE,41.930906002,-87.644017035
14125388,JK167182,2026-02-26T13:33:00.000,062XX S STONY ISLAND AVE,BATTERY,SIMPLE,SCHOOL - PUBLIC BUILDING,41.78210152,-87.586502002
14121837,JK162894,2026-02-26T13:30:00.000,0000X N STATE ST,THEFT,RETAIL THEFT,DEPARTMENT STORE,41.882470918,-87.627847625
14122750,JK162884,2026-02-26T13:30:00.000,011XX S WABASH AVE,CRIMINAL TRESPASS,TO LAND,RESTAURANT,41.868322989,-87.625844413
14123518,JK162789,2026-02-26T13:26:00.000,042XX S FAIRFIELD AVE,ASSAULT,AGGRAVATED PROTECTED EMPLOYEE - OTHER DANGEROUS WEAPON,STREET,41.816577321,-87.693231528
14126580,JK168746,2026-02-26T13:23:00.000,079XX S INGLESIDE AVE,OFFENSE INVOLVING CHILDREN,CRIMINAL SEXUAL ABUSE BY FAMILY MEMBER,RESIDENCE,41.750457682,-87.601523984
14121955,JK162902,2026-02-26T13:22:00.000,115XX S MARSHFIELD AVE,ROBBERY,STRONG ARM - NO WEAPON,STREET,41.684198882,-87.662695212
14122018,JK162985,2026-02-26T13:17:00.000,008XX E 76TH ST,THEFT,$500 AND UNDER,PARKING LOT / GARAGE (NON RESIDENTIAL),41.756777987,-87.603709854
14121908,JK163097,2026-02-26T13:16:00.000,009XX W 34TH PL,THEFT,OVER $500,RESIDENCE - PORCH / HALLWAY,41.831732468,-87.649639423
14122066,JK162781,2026-02-26T13:15:00.000,059XX N MILWAUKEE AVE,BATTERY,SIMPLE,COMMERCIAL / BUSINESS OFFICE,41.989012169,-87.779956499
14122109,JK162953,2026-02-26T13:10:00.000,013XX W TOUHY AVE,SEX OFFENSE,PUBLIC INDECENCY,APARTMENT,42.012812725,-87.664523506
14121824,JK162821,2026-02-26T13:06:00.000,065XX S SANGAMON ST,NARCOTICS,MANUFACTURE / DELIVER - CRACK,RESIDENCE,41.775304914,-87.648314341
14121832,JK162784,2026-02-26T13:00:00.000,062XX S SPAULDING AVE,BATTERY,DOMESTIC BATTERY SIMPLE,APARTMENT,41.779572891,-87.705577635
14121997,JK163005,2026-02-26T13:00:00.000,0000X N LOCKWOOD AVE,MOTOR VEHICLE THEFT,AUTOMOBILE,STREET,41.88138324,-87.757545803
14122573,JK163772,2026-02-26T13:00:00.000,002XX W JACKSON BLVD,THEFT,$500 AND UNDER,RESTAURANT,41.878113514,-87.634204005
14122057,JK163105,2026-02-26T13:00:00.000,063XX S RICHMOND ST,BATTERY,DOMESTIC BATTERY SIMPLE,APARTMENT,41.778419905,-87.697028102
14126386,JK168537,2026-02-26T13:00:00.000,067XX S CHAPPEL AVE,DECEPTIVE PRACTICE,CREDIT CARD FRAUD,APARTMENT,41.772691757,-87.575250392
14122853,JK164204,2026-02-26T13:00:00.000,063XX N WAYNE AVE,MOTOR VEHICLE THEFT,"CYCLE, SCOOTER, BIKE WITH VIN",STREET,41.996792844,-87.664168883
14123399,JK163900,2026-02-26T13:00:00.000,055XX N LAKEWOOD AVE,MOTOR VEHICLE THEFT,ATTEMPT - AUTOMOBILE,STREET,41.982214251,-87.662512003
14121728,JK162754,2026-02-26T12:58:00.000,065XX N CLARK ST,CRIMINAL TRESPASS,TO LAND,APARTMENT,42.000894418,-87.671572263
14121750,JK162792,2026-02-26T12:58:00.000,076XX S EXCHANGE AVE,THEFT,RETAIL THEFT,GAS STATION,41.75702248,-87.558073456
14121796,JK162844,2026-02-26T12:53:00.000,003XX W 72ND ST,DECEPTIVE PRACTICE,ILLEGAL USE CASH CARD,APARTMENT,41.763560058,-87.632960151
14121779,JK162840,2026-02-26T12:53:00.000,003XX W 72ND ST,THEFT,$500 AND UNDER,APARTMENT,41.763560058,-87.632960151
14122477,JK163626,2026-02-26T12:50:00.000,022XX N HAMILTON AVE,ASSAULT,SIMPLE,SCHOOL - PUBLIC GROUNDS,41.921909527,-87.681450335
14121733,JK162736,2026-02-26T12:41:00.000,003XX E 83RD ST,CRIMINAL DAMAGE,TO VEHICLE,STREET,41.74377221,-87.617147556
14125184,JK166716,2026-02-26T12:41:00.000,002XX W 26TH ST,ASSAULT,SIMPLE,PARKING LOT / GARAGE (NON RESIDENTIAL),41.84549854,-87.633828853
14121972,JK163009,2026-02-26T12:35:00.000,003XX S DAMEN AVE,BATTERY,SIMPLE,CHA APARTMENT,41.877161446,-87.676536946
14121806,JK162863,2026-02-26T12:30:00.000,001XX N STATE ST,ROBBERY,STRONG ARM - NO WEAPON,CTA TRAIN,41.883645667,-87.627882442
14121714,JK162729,2026-02-26T12:30:00.000,013XX S LAWNDALE AVE,NARCOTICS,POSSESS - HEROIN (WHITE),SIDEWALK,41.864033702,-87.717792133
14121805,JK162853,2026-02-26T12:25:00.000,033XX W HARRISON ST,BATTERY,SIMPLE,GAS STATION,41.873635421,-87.710081187
14121755,JK162748,2026-02-26T12:23:00.000,066XX S HALSTED ST,CRIMINAL TRESPASS,TO LAND,CONVENIENCE STORE,41.774069965,-87.644639452
14121742,JK162712,2026-02-26T12:23:00.000,040XX N ST LOUIS AVE,BATTERY,SIMPLE,APARTMENT,41.954349946,-87.715376111
14122085,JK162857,2026-02-26T12:15:00.000,066XX N BOSWORTH AVE,BATTERY,SIMPLE,SCHOOL - PUBLIC BUILDING,42.002478396,-87.66929687
14122822,JK164073,2026-02-26T12:12:00.000,025XX W ARMITAGE AVE,OTHER OFFENSE,HARASSMENT BY ELECTRONIC MEANS,APARTMENT,41.917546362,-87.690728102
14121710,JK162735,2026-02-26T12:10:00.000,0000X W TERMINAL ST,OTHER OFFENSE,VIOLATE ORDER OF PROTECTION,AIRPORT TERMINAL UPPER LEVEL - SECURE AREA,41.974861952,-87.890372151
14122392,JK162794,2026-02-26T12:09:00.000,031XX N PULASKI RD,BURGLARY,BURGLARY FROM MOTOR VEHICLE,PARKING LOT / GARAGE (NON RESIDENTIAL),41.93791173,-87.727149134
14121749,JK162745,2026-02-26T12:08:00.000,029XX S ARCHER AVE,BATTERY,SIMPLE,STREET,41.840850197,-87.659608755
14124740,JK165728,2026-02-26T12:06:00.000,076XX S CICERO AVE,THEFT,RETAIL THEFT,DEPARTMENT STORE,41.754592961,-87.741528537
14123748,JK165243,2026-02-26T12:00:00.000,100XX W OHARE ST,DECEPTIVE PRACTICE,ATTEMPT - FINANCIAL IDENTITY THEFT,GOVERNMENT BUILDING / PROPERTY,41.976290414,-87.905227221
14121781,JK162775,2026-02-26T12:00:00.000,040XX W IRVING PARK RD,ROBBERY,STRONG ARM - NO WEAPON,SIDEWALK,41.953643409,-87.72801475
14126388,JK168530,2026-02-26T12:00:00.000,040XX W DIVISION ST,OFFENSE INVOLVING CHILDREN,CHILD ABUSE,SCHOOL - PRIVATE GROUNDS,41.902664731,-87.726608375
14121875,JK162958,2026-02-26T12:00:00.000,073XX S RIDGELAND AVE,THEFT,$500 AND UNDER,APARTMENT,41.761898254,-87.582323261
14121835,JK162802,2026-02-26T12:00:00.000,0000X N MICHIGAN AVE,THEFT,OVER $500,RESTAURANT,41.882424852,-87.624377884
14121716,JK162753,2026-02-26T12:00:00.000,050XX N OAKLEY AVE,BURGLARY,BURGLARY FROM MOTOR VEHICLE,VEHICLE - COMMERCIAL,41.973398385,-87.686640307
14121803,JK162721,2026-02-26T12:00:00.000,048XX W ROOSEVELT RD,ASSAULT,AGGRAVATED - HANDGUN,STREET,41.865891974,-87.745099663
14121774,JK162730,2026-02-26T11:52:00.000,116XX S VINCENNES AVE,OTHER OFFENSE,TELEPHONE THREAT,STREET,41.682976863,-87.668700729
14122289,JK163388,2026-02-26T11:50:00.000,006XX N LECLAIRE AVE,CRIMINAL DAMAGE,TO VEHICLE,STREET,41.891538918,-87.753028938
14122357,JK162670,2026-02-26T11:48:00.000,055XX S KEDZIE AVE,THEFT,RETAIL THEFT,DEPARTMENT STORE,41.792874284,-87.703537299
14121688,JK162732,2026-02-26T11:45:00.000,071XX S CALUMET AVE,CRIMINAL DAMAGE,TO PROPERTY,APARTMENT,41.765129284,-87.616855105
14121712,JK162724,2026-02-26T11:45:00.000,097XX S WOODLAWN AVE,CRIMINAL DAMAGE,TO PROPERTY,RESIDENCE,41.717619159,-87.594644274
14121700,JK162737,2026-02-26T11:45:00.000,080XX S EBERHART AVE,BATTERY,DOMESTIC BATTERY SIMPLE,APARTMENT,41.748427219,-87.612427155
14121663,JK162690,2026-02-26T11:45:00.000,016XX W OGDEN AVE,BURGLARY,BURGLARY FROM MOTOR VEHICLE,ALLEY,41.879682085,-87.668201247
14122429,JK162677,2026-02-26T11:40:00.000,012XX E 47TH ST,BURGLARY,ATTEMPT FORCIBLE ENTRY,APARTMENT,41.809648146,-87.596203254
14126609,JK168771,2026-02-26T11:33:00.000,020XX W ADDISON ST,OFFENSE INVOLVING CHILDREN,AGGRAVATED CRIMINAL SEXUAL ABUSE BY FAMILY MEMBER,RESIDENCE,41.946857195,-87.67903112
14121695,JK162697,2026-02-26T11:31:00.000,023XX W MELROSE ST,CRIMINAL TRESPASS,TO LAND,RESIDENCE - GARAGE,41.940378728,-87.686893193
14121993,JK162875,2026-02-26T11:30:00.000,091XX S COLFAX AVE,BURGLARY,UNLAWFUL ENTRY,RESIDENCE,41.729288447,-87.560909165
14121764,JK162698,2026-02-26T11:30:00.000,070XX S ASHLAND AVE,BATTERY,AGGRAVATED - OTHER DANGEROUS WEAPON,GAS STATION,41.76573639,-87.66381882
14121940,JK162779,2026-02-26T11:30:00.000,005XX W OAK ST,CRIMINAL DAMAGE,TO VEHICLE,STREET,41.900424796,-87.642467932
14121895,JK162700,2026-02-26T11:27:00.000,023XX N LINCOLN AVE,ROBBERY,STRONG ARM - NO WEAPON,SMALL RETAIL STORE,41.924776249,-87.647823816
14121670,JK162657,2026-02-26T11:25:00.000,043XX S ARCHER AVE,THEFT,RETAIL THEFT,SMALL RETAIL STORE,41.813803157,-87.704715262
14122064,JK162639,2026-02-26T11:24:00.000,006XX N CICERO AVE,WEAPONS VIOLATION,UNLAWFUL POSSESSION - OTHER FIREARM,APARTMENT,41.891877604,-87.745698694
14122211,JK162648,2026-02-26T11:22:00.000,006XX N CICERO AVE,WEAPONS VIOLATION,UNLAWFUL POSSESSION - HANDGUN,APARTMENT,41.89177329,-87.745692304
14123565,JK164986,2026-02-26T11:15:00.000,023XX W 100TH ST,DECEPTIVE PRACTICE,FRAUD OR CONFIDENCE GAME,RESIDENCE,41.711857719,-87.680101323
14121677,JK162707,2026-02-26T11:12:00.000,001XX N MENARD AVE,SEX OFFENSE,NON-CONSENSUAL DISSEMINATION OF PRIVATE SEXUAL IMAGES,APARTMENT,41.883044212,-87.769858689
14121614,JK162680,2026-02-26T11:10:00.000,052XX N LINCOLN AVE,THEFT,ATTEMPT THEFT,GROCERY FOOD STORE,41.977017622,-87.692447486
14122114,JK162692,2026-02-26T11:05:00.000,052XX N NAGLE AVE,THEFT,$500 AND UNDER,RESTAURANT,41.975902566,-87.787870189
14121745,JK162663,2026-02-26T11:05:00.000,026XX W HADDON AVE,BATTERY,DOMESTIC BATTERY SIMPLE,STREET,41.90202823,-87.693275074
14121751,JK162655,2026-02-26T11:03:00.000,053XX N DELPHIA AVE,ASSAULT,SIMPLE,RESIDENCE - PORCH / HALLWAY,41.976282242,-87.841541839
14121633,JK162638,2026-02-26T11:01:00.000,038XX N RECREATION DR,BATTERY,SIMPLE,PARK PROPERTY,41.952471604,-87.644277333
14125322,JK167046,2026-02-26T11:00:00.000,008XX S WELLS ST,MOTOR VEHICLE THEFT,AUTOMOBILE,PARK PROPERTY,41.87178962,-87.633564301
14122447,JK163606,2026-02-26T11:00:00.000,107XX S BENSLEY AVE,BURGLARY,FORCIBLE ENTRY,APARTMENT,41.700222266,-87.563194215
14122082,JK163220,2026-02-26T11:00:00.000,018XX W NORTH AVE,BURGLARY,BURGLARY FROM MOTOR VEHICLE,STREET,41.910536878,-87.67414124
14122386,JK163513,2026-02-26T11:00:00.000,032XX W LEXINGTON ST,BURGLARY,BURGLARY FROM MOTOR VEHICLE,VEHICLE NON-COMMERCIAL,41.871860452,-87.707157461
14121667,JK162624,2026-02-26T11:00:00.000,036XX W LEXINGTON ST,WEAPONS VIOLATION,UNLAWFUL POSSESSION - HANDGUN,VACANT LOT / LAND,41.871730695,-87.716649852
14125198,JK167034,2026-02-26T11:00:00.000,011XX S KILBOURN AVE,ASSAULT,AGGRAVATED - HANDGUN,STREET,41.867586991,-87.737466011
14122559,JK163730,2026-02-26T11:00:00.000,005XX W 18TH ST,THEFT,OVER $500,COMMERCIAL / BUSINESS OFFICE,41.857660714,-87.639195193
14122586,JK163833,2026-02-26T10:54:00.000,017XX S STATE ST,OTHER OFFENSE,VIOLATION OF CIVIL NO CONTACT ORDER,POLICE FACILITY / VEHICLE PARKING LOT,41.858594819,-87.627214427
14121754,JK162696,2026-02-26T10:49:00.000,010XX W LAKE ST,ROBBERY,STRONG ARM - NO WEAPON,CONVENIENCE STORE,41.885557376,-87.65364901
14122597,JK163742,2026-02-26T10:45:00.000,006XX N ASHLAND AVE,MOTOR VEHICLE THEFT,"TRUCK, BUS, MOTOR HOME",VEHICLE - COMMERCIAL,41.893639096,-87.667219045
14121652,JK162618,2026-02-26T10:45:00.000,0000X S HALSTED ST,ASSAULT,SIMPLE,GROCERY FOOD STORE,41.881203182,-87.647342333
14121735,JK162777,2026-02-26T10:42:00.000,016XX S MILLARD AVE,THEFT,$500 AND UNDER,APARTMENT,41.858356657,-87.716411276
14121674,JK162615,2026-02-26T10:40:00.000,001XX N MORGAN ST,BATTERY,SIMPLE,RESTAURANT,41.885150434,-87.652125613
14121696,JK162682,2026-02-26T10:39:00.000,049XX W FERDINAND ST,NARCOTICS,POSSESS - SYNTHETIC DRUGS,CONVENIENCE STORE,41.889533559,-87.749374451
14121793,JK162626,2026-02-26T10:39:00.000,049XX W FERDINAND ST,OTHER OFFENSE,LICENSE VIOLATION,GROCERY FOOD STORE,41.889533559,-87.749374451
14122505,JK162709,2026-02-26T10:32:00.000,0000X W MADISON ST,OTHER OFFENSE,HARASSMENT BY TELEPHONE,COMMERCIAL / BUSINESS OFFICE,41.881994258,-87.629773427
14122033,JK163034,2026-02-26T10:30:00.000,035XX S WASHTENAW AVE,OFFENSE INVOLVING CHILDREN,CHILD ABUSE,SCHOOL - PUBLIC BUILDING,41.828907913,-87.692349187
14121748,JK162629,2026-02-26T10:30:00.000,009XX W RANDOLPH ST,ASSAULT,SIMPLE,RESTAURANT,41.884451738,-87.651383878
14122458,JK162693,2026-02-26T10:30:00.000,052XX W MELROSE ST,BATTERY,DOMESTIC BATTERY SIMPLE,RESIDENCE,41.939602533,-87.757610436
14121834,JK162612,2026-02-26T10:30:00.000,025XX S KEDZIE AVE,CRIMINAL TRESPASS,TO VEHICLE,STREET,41.845880198,-87.705080327
14125691,JK166682,2026-02-26T10:30:00.000,063XX S MINERVA AVE,BURGLARY,BURGLARY FROM MOTOR VEHICLE,STREET,41.778871742,-87.59631384
14121693,JK162635,2026-02-26T10:30:00.000,0000X S THROOP ST,BURGLARY,BURGLARY FROM MOTOR VEHICLE,STREET,41.880932433,-87.659551412
14122127,JK162585,2026-02-26T10:25:00.000,031XX W Logan Blvd,THEFT,$500 AND UNDER,APARTMENT,41.928763353,-87.705855277
14121731,JK162718,2026-02-26T10:23:00.000,027XX N PULASKI RD,NARCOTICS,POSSESS - HEROIN (WHITE),STREET,41.931212097,-87.72696267
14121656,JK162578,2026-02-26T10:23:00.000,040XX N CICERO AVE,THEFT,$500 AND UNDER,DRUG STORE,41.954698652,-87.747338823
14121946,JK162576,2026-02-26T10:18:00.000,019XX W MONTEREY AVE,ASSAULT,SIMPLE,SIDEWALK,41.691788166,-87.669994026
14121679,JK162561,2026-02-26T10:11:00.000,001XX N GREEN ST,THEFT,RETAIL THEFT,CONVENIENCE STORE,41.885050022,-87.648623237
14121771,JK162555,2026-02-26T10:07:00.000,038XX W LAWRENCE AVE,CRIMINAL DAMAGE,TO CITY OF CHICAGO PROPERTY,CTA BUS,41.968289813,-87.723452492
14121682,JK162569,2026-02-26T10:03:00.000,010XX N LOCKWOOD AVE,ASSAULT,SIMPLE,RESIDENCE,41.899152589,-87.75816492
14121615,JK162552,2026-02-26T10:00:00.000,067XX S JEFFERY BLVD,BATTERY,DOMESTIC BATTERY SIMPLE,RESTAURANT,41.772998982,-87.576478539
14126095,JK168045,2026-02-26T10:00:00.000,011XX W 95TH ST,MOTOR VEHICLE THEFT,AUTOMOBILE,STREET,41.721347217,-87.65215149
14121752,JK162793,2026-02-26T10:00:00.000,042XX S OAKENWALD AVE,THEFT,THEFT FROM MOTOR VEHICLE,APARTMENT,41.817604432,-87.598015977
14121730,JK162740,2026-02-26T10:00:00.000,009XX W BELMONT AVE,SEX OFFENSE,PUBLIC INDECENCY,CTA TRAIN,41.93991842,-87.653288878
14122035,JK163206,2026-02-26T10:00:00.000,099XX S ABERDEEN ST,THEFT,THEFT FROM MOTOR VEHICLE,STREET,41.712968719,-87.650287815
14121849,JK163008,2026-02-26T10:00:00.000,019XX W DIVISION ST,THEFT,THEFT FROM MOTOR VEHICLE,VEHICLE NON-COMMERCIAL,41.903217917,-87.675560999
14123494,JK164793,2026-02-26T10:00:00.000,054XX N OKETO AVE,BATTERY,SIMPLE,SCHOOL - PUBLIC GROUNDS,41.978607683,-87.811940075
14122278,JK163360,2026-02-26T10:00:00.000,035XX S FRANCISCO AVE,BURGLARY,FORCIBLE ENTRY,RESIDENCE,41.829484027,-87.697252827
14124236,JK162589,2026-02-26T10:00:00.000,021XX W 19TH ST,ASSAULT,SIMPLE,APARTMENT,41.85580156,-87.679181872
14121724,JK162592,2026-02-26T10:00:00.000,074XX W TALCOTT AVE,BATTERY,"AGGRAVATED - HANDS, FISTS, FEET, NO / MINOR INJURY",HOSPITAL BUILDING / GROUNDS,41.988630807,-87.812829371
14121830,JK162778,2026-02-26T09:50:00.000,095XX S EWING AVE,OTHER OFFENSE,TELEPHONE THREAT,RESIDENCE,41.722417472,-87.536111777
14122963,JK164373,2026-02-26T09:50:00.000,095XX S EWING AVE,ASSAULT,SIMPLE,STREET,41.722417472,-87.536111777
14121539,JK162551,2026-02-26T09:46:00.000,095XX S EWING AVE,OTHER OFFENSE,TELEPHONE THREAT,RESIDENCE,41.722417472,-87.536111777
14121600,JK162640,2026-02-26T09:46:00.000,071XX S SOUTH SHORE DR,THEFT,$500 AND UNDER,APARTMENT,41.766161865,-87.562692028
14121770,JK162797,2026-02-26T09:38:00.000,095XX S DOBSON AVE,CRIMINAL DAMAGE,TO PROPERTY,APARTMENT,41.721455089,-87.598398911
14121586,JK162533,2026-02-26T09:35:00.000,002XX W MERCHANDISE MART PLZ,BATTERY,"PROTECTED EMPLOYEE - HANDS, FISTS, FEET, NO / MINOR INJURY",COMMERCIAL / BUSINESS OFFICE,41.887966168,-87.634790696
14122026,JK163109,2026-02-26T09:31:00.000,009XX W WASHINGTON BLVD,BURGLARY,BURGLARY FROM MOTOR VEHICLE,STREET,41.883074281,-87.651409543
14123209,JK164456,2026-02-26T09:30:00.000,0000X N PINE AVE,BATTERY,DOMESTIC BATTERY SIMPLE,RESIDENCE,41.880848925,-87.763209368
14122087,JK162652,2026-02-26T09:30:00.000,020XX W 70TH ST,BATTERY,DOMESTIC BATTERY SIMPLE,RESIDENCE,41.766611934,-87.674758897
14121761,JK162647,2026-02-26T09:30:00.000,034XX S DR MARTIN LUTHER KING JR DR,BURGLARY,BURGLARY FROM MOTOR VEHICLE,PARKING LOT / GARAGE (NON RESIDENTIAL),41.831898391,-87.616976942
14121841,JK162914,2026-02-26T09:30:00.000,026XX W HOWARD ST,MOTOR VEHICLE THEFT,"TRUCK, BUS, MOTOR HOME",STREET,42.019413511,-87.695562199
14121583,JK162563,2026-02-26T09:30:00.000,088XX S BURLEY AVE,BATTERY,DOMESTIC BATTERY SIMPLE,CHA APARTMENT,41.735127203,-87.545784616
14121675,JK162492,2026-02-26T09:12:00.000,024XX W WARREN BLVD,ASSAULT,SIMPLE,MEDICAL / DENTAL OFFICE,41.882083925,-87.687055144
14121736,JK162528,2026-02-26T09:11:00.000,082XX S ABERDEEN ST,CRIMINAL DAMAGE,TO VEHICLE,STREET,41.74461304,-87.651147103
14121584,JK162537,2026-02-26T09:10:00.000,002XX W MERCHANDISE MART PLZ,CRIMINAL TRESPASS,TO LAND,COMMERCIAL / BUSINESS OFFICE,41.887966168,-87.634790696
14121877,JK162952,2026-02-26T09:00:00.000,008XX N MAPLEWOOD AVE,INTIMIDATION,INTIMIDATION,APARTMENT,41.896439505,-87.690557745
14121685,JK162523,2026-02-26T09:00:00.000,006XX N KEDZIE AVE,CRIMINAL DAMAGE,TO PROPERTY,APARTMENT,41.892575745,-87.706466687
14121599,JK162502,2026-02-26T09:00:00.000,015XX N CLYBOURN AVE,THEFT,RETAIL THEFT,DEPARTMENT STORE,41.909289945,-87.647258453
14121870,JK162996,2026-02-26T09:00:00.000,014XX S ST LOUIS AVE,BURGLARY,BURGLARY FROM MOTOR VEHICLE,OTHER (SPECIFY),41.861751313,-87.712847101
14122798,JK164019,2026-02-26T09:00:00.000,020XX N SPAULDING AVE,THEFT,THEFT FROM MOTOR VEHICLE,STREET,41.918079398,-87.710266196
14121706,JK162531,2026-02-26T09:00:00.000,058XX N SHERIDAN RD,BURGLARY,UNLAWFUL ENTRY,APARTMENT,41.988008918,-87.655322651
14122790,JK164041,2026-02-26T09:00:00.000,062XX S HOMAN AVE,BURGLARY,BURGLARY FROM MOTOR VEHICLE,STREET,41.779437923,-87.708002405
14121638,JK162494,2026-02-26T09:00:00.000,046XX S HALSTED ST,THEFT,THEFT FROM MOTOR VEHICLE,PARKING LOT / GARAGE (NON RESIDENTIAL),41.809860998,-87.645565723
14125528,JK167497,2026-02-26T09:00:00.000,115XX S RACINE AVE,MOTOR VEHICLE THEFT,AUTOMOBILE,STREET,41.684181748,-87.651851724
14121866,JK162845,2026-02-26T08:58:00.000,041XX W 76TH ST,MOTOR VEHICLE THEFT,ATTEMPT - AUTOMOBILE,PARKING LOT / GARAGE (NON RESIDENTIAL),41.75502905,-87.725706576
14121623,JK162545,2026-02-26T08:55:00.000,005XX W ROOSEVELT RD,CRIMINAL DAMAGE,TO VEHICLE,VEHICLE NON-COMMERCIAL,41.867251542,-87.639594427
14125526,JK167463,2026-02-26T08:40:00.000,084XX S ADA ST,DECEPTIVE PRACTICE,FINANCIAL IDENTITY THEFT OVER $ 300,RESIDENCE,41.740457742,-87.657112306
14121637,JK162447,2026-02-26T08:30:00.000,085XX S COTTAGE GROVE AVE,ASSAULT,SIMPLE,STREET,41.739817594,-87.604913162
14126953,JK169123,2026-02-26T08:30:00.000,025XX S WESTERN AVE,ASSAULT,SIMPLE,SCHOOL - PRIVATE GROUNDS,41.845968863,-87.685473571
14121564,JK162467,2026-02-26T08:30:00.000,039XX W CHICAGO AVE,ASSAULT,SIMPLE,RESTAURANT,41.895372185,-87.725362479
14121552,JK162468,2026-02-26T08:30:00.000,020XX N CAMPBELL AVE,THEFT,$500 AND UNDER,RESIDENCE,41.919222845,-87.689215828
14121647,JK162630,2026-02-26T08:30:00.000,028XX W 25TH ST,OTHER OFFENSE,HARASSMENT BY TELEPHONE,RESIDENCE,41.846436668,-87.696497702
14121526,JK162483,2026-02-26T08:28:00.000,019XX N CICERO AVE,THEFT,RETAIL THEFT,CONVENIENCE STORE,41.915715874,-87.74605323
14121654,JK162453,2026-02-26T08:25:00.000,016XX S BLUE ISLAND AVE,ASSAULT,SIMPLE,RESTAURANT,41.858389699,-87.660705812
14121619,JK162466,2026-02-26T08:25:00.000,091XX S SOUTH CHICAGO AVE,OTHER OFFENSE,SEX OFFENDER - FAIL TO REGISTER,STREET,41.729171506,-87.55456177
14122815,JK163972,2026-02-26T08:23:00.000,016XX N KILDARE AVE,BURGLARY,BURGLARY FROM MOTOR VEHICLE,STREET,41.910701335,-87.733681585
14121491,JK162455,2026-02-26T08:20:00.000,060XX S INDIANA AVE,THEFT,$500 AND UNDER,STREET,41.784903215,-87.620594973
14123043,JK163501,2026-02-26T08:12:00.000,005XX W WEBSTER AVE,THEFT,RETAIL THEFT,DEPARTMENT STORE,41.921904892,-87.642636783
14121522,JK162456,2026-02-26T08:05:00.000,039XX W CHICAGO AVE,NARCOTICS,POSSESS - CRACK,PARKING LOT / GARAGE (NON RESIDENTIAL),41.895372185,-87.725362479
14121568,JK162441,2026-02-26T08:05:00.000,056XX W IRVING PARK RD,BATTERY,"AGGRAVATED P.O. - HANDS, FISTS, FEET, NO / MINOR INJURY",SMALL RETAIL STORE,41.953177006,-87.767307661
14122163,JK163284,2026-02-26T08:00:00.000,027XX S INDIANA AVE,CRIMINAL DAMAGE,TO VEHICLE,STREET,41.844026941,-87.622100808
14122957,JK163988,2026-02-26T08:00:00.000,012XX W ERIE ST,BATTERY,DOMESTIC BATTERY SIMPLE,APARTMENT,41.893487029,-87.658097248
14122175,JK163238,2026-02-26T08:00:00.000,043XX S PRAIRIE AVE,OTHER OFFENSE,TELEPHONE THREAT,RESIDENCE,41.81607864,-87.619776189
14122143,JK162579,2026-02-26T08:00:00.000,022XX E 75TH ST,DECEPTIVE PRACTICE,FINANCIAL IDENTITY THEFT OVER $ 300,,41.758954185,-87.569503849
14122100,JK162881,2026-02-26T08:00:00.000,015XX E 67TH ST,CRIMINAL TRESPASS,TO LAND,SMALL RETAIL STORE,41.773320568,-87.587465382
14126434,JK167615,2026-02-26T08:00:00.000,039XX N PACIFIC AVE,BURGLARY,UNLAWFUL ENTRY,RESIDENCE,41.951054314,-87.826939215
14121498,JK162433,2026-02-26T07:55:00.000,018XX S TROY ST,ASSAULT,AGGRAVATED - HANDGUN,APARTMENT,41.856347317,-87.704170333
14121490,JK162452,2026-02-26T07:40:00.000,067XX S CHAMPLAIN AVE,THEFT,$500 AND UNDER,RESIDENCE,41.772308181,-87.609384703
14125444,JK167337,2026-02-26T07:40:00.000,017XX E 72ND ST,MOTOR VEHICLE THEFT,AUTOMOBILE,STREET,41.764260979,-87.583146097
14121540,JK162432,2026-02-26T07:37:00.000,085XX S MUSKEGON AVE,ASSAULT,AGGRAVATED - OTHER DANGEROUS WEAPON,APARTMENT,41.740127827,-87.555121917
14121480,JK162413,2026-02-26T07:20:00.000,0000X E 87TH ST,ASSAULT,SIMPLE,RESTAURANT,41.736345248,-87.623198545
14121534,JK162405,2026-02-26T07:15:00.000,004XX E 110TH PL,BATTERY,DOMESTIC BATTERY SIMPLE,APARTMENT,41.693221893,-87.611886916
14121533,JK162408,2026-02-26T07:09:00.000,002XX E 116TH ST,BATTERY,SIMPLE,RESIDENCE,41.682581566,-87.617504356
14123073,JK163507,2026-02-26T07:03:00.000,026XX N CLARK ST,THEFT,RETAIL THEFT,SMALL RETAIL STORE,41.930906002,-87.644017035
14123402,JK164799,2026-02-26T07:00:00.000,037XX S LAKE PARK AVE,OTHER OFFENSE,HARASSMENT BY ELECTRONIC MEANS,APARTMENT,41.828035913,-87.605854908
14121495,JK162482,2026-02-26T07:00:00.000,011XX S CALIFORNIA AVE,MOTOR VEHICLE THEFT,ATTEMPT - AUTOMOBILE,VEHICLE NON-COMMERCIAL,41.867748212,-87.695937451
14122623,JK163810,2026-02-26T07:00:00.000,003XX W GARFIELD BLVD,BURGLARY,FORCIBLE ENTRY,CONSTRUCTION SITE,41.794488452,-87.63480185
14121778,JK162827,2026-02-26T07:00:00.000,052XX S UNIVERSITY AVE,THEFT,OVER $500,PARKING LOT / GARAGE (NON RESIDENTIAL),41.800538968,-87.598200112
14121519,JK162426,2026-02-26T07:00:00.000,018XX S KARLOV AVE,BATTERY,DOMESTIC BATTERY SIMPLE,APARTMENT,41.855906242,-87.727274434
14121481,JK162409,2026-02-26T06:50:00.000,013XX W 51ST ST,OTHER OFFENSE,VEHICLE TITLE / REGISTRATION OFFENSE,STREET,41.801405142,-87.65839737
14121587,JK162411,2026-02-26T06:33:00.000,036XX S PARNELL AVE,OTHER OFFENSE,ANIMAL ABUSE / NEGLECT,RESIDENCE - YARD (FRONT / BACK),41.828384041,-87.639955524
14122135,JK162417,2026-02-26T06:30:00.000,029XX N SPRINGFIELD AVE,THEFT,OVER $500,STREET,41.934632679,-87.724611205
14121487,JK162443,2026-02-26T06:10:00.000,022XX S HALSTED ST,ASSAULT,SIMPLE,GOVERNMENT BUILDING / PROPERTY,41.852136407,-87.646478446
14121515,JK162462,2026-02-26T06:00:00.000,057XX S TRUMBULL AVE,THEFT,OVER $500,STREET,41.789240778,-87.709560918
14121506,JK162392,2026-02-26T06:00:00.000,027XX W WASHINGTON BLVD,BURGLARY,FORCIBLE ENTRY,RESIDENCE,41.882912342,-87.694842989
14122717,JK163898,2026-02-26T05:34:00.000,019XX N MILWAUKEE AVE,BURGLARY,UNLAWFUL ENTRY,RESIDENCE - PORCH / HALLWAY,41.916285455,-87.68658527
14121684,JK162422,2026-02-26T05:30:00.000,016XX W 48TH ST,THEFT,THEFT FROM MOTOR VEHICLE,STREET,41.806767808,-87.666443475
14121472,JK162355,2026-02-26T05:30:00.000,0000X W 87TH ST,PUBLIC PEACE VIOLATION,RECKLESS CONDUCT,CTA PLATFORM,41.736277427,-87.62510451
14121446,JK162340,2026-02-26T05:10:00.000,068XX S PERRY AVE,BATTERY,SIMPLE,RESIDENCE,41.77029895,-87.628293582
14121610,JK162536,2026-02-26T05:00:00.000,035XX W 63RD ST,BURGLARY,FORCIBLE ENTRY,OTHER (SPECIFY),41.778830658,-87.711905593
14121509,JK162386,2026-02-26T05:00:00.000,052XX W WASHINGTON BLVD,CRIMINAL DAMAGE,TO PROPERTY,RESIDENCE,41.882348066,-87.756769646
14122075,JK163138,2026-02-26T05:00:00.000,110XX S VERNON AVE,OTHER OFFENSE,OTHER VEHICLE OFFENSE,STREET,41.694233758,-87.61219782
14121921,JK163085,2026-02-26T04:55:00.000,047XX N KEDZIE AVE,THEFT,$500 AND UNDER,STREET,41.967215646,-87.708434457
14123382,JK164699,2026-02-26T04:45:00.000,016XX W EISENHOWER EXPY OB,BATTERY,SIMPLE,CTA TRAIN,41.87602686,-87.667273451
14121454,JK162374,2026-02-26T04:40:00.000,034XX W 63RD ST,OTHER OFFENSE,ANIMAL ABUSE / NEGLECT,POLICE FACILITY / VEHICLE PARKING LOT,41.778877155,-87.708840106
14121423,JK162334,2026-02-26T04:36:00.000,129XX S TORRENCE AVE,OTHER OFFENSE,OTHER VEHICLE OFFENSE,STREET,41.660057029,-87.55923028
14121433,JK162337,2026-02-26T04:30:00.000,024XX N CLARK ST,CRIMINAL DAMAGE,TO PROPERTY,COMMERCIAL / BUSINESS OFFICE,41.926268719,-87.640899336
14122055,JK163165,2026-02-26T04:30:00.000,079XX S YATES BLVD,BATTERY,SIMPLE,RESIDENCE,41.750523738,-87.566213966
14127237,JK169261,2026-02-26T04:20:00.000,065XX S RHODES AVE,CRIMINAL DAMAGE,TO VEHICLE,STREET,41.776105804,-87.611926629
14121449,JK162330,2026-02-26T04:17:00.000,071XX S MARSHFIELD AVE,CRIMINAL DAMAGE,TO PROPERTY,RESIDENCE,41.764179084,-87.665011627
14121973,JK163110,2026-02-26T04:00:00.000,043XX S KILDARE BLVD,MOTOR VEHICLE THEFT,AUTOMOBILE,STREET,41.814876031,-87.731329772
14121441,JK162324,2026-02-26T04:00:00.000,042XX N ELSTON AVE,THEFT,THEFT FROM MOTOR VEHICLE,STREET,41.958222596,-87.725765469
14121542,JK162519,2026-02-26T04:00:00.000,072XX W PALATINE AVE,CRIMINAL DAMAGE,TO VEHICLE,STREET,41.995404857,-87.808308209
14121445,JK162336,2026-02-26T04:00:00.000,006XX W DIVISION ST,BATTERY,DOMESTIC BATTERY SIMPLE,RESIDENCE,41.903682376,-87.645239323
14121440,JK162323,2026-02-26T03:57:00.000,035XX N CLARK ST,BURGLARY,FORCIBLE ENTRY,RESTAURANT,41.94670237,-87.656117076
14122847,JK164188,2026-02-26T03:45:00.000,060XX N BROADWAY,BURGLARY,ATTEMPT FORCIBLE ENTRY,BAR OR TAVERN,41.992025699,-87.660330626
14121427,JK162333,2026-02-26T03:42:00.000,065XX N SHERIDAN RD,CRIMINAL DAMAGE,TO PROPERTY,SMALL RETAIL STORE,42.001910021,-87.660756261
14121421,JK162321,2026-02-26T03:36:00.000,067XX S CLYDE AVE,BATTERY,DOMESTIC BATTERY SIMPLE,APARTMENT,41.772744066,-87.574029014
14121425,JK162312,2026-02-26T03:29:00.000,074XX N WESTERN AVE,BURGLARY,ATTEMPT FORCIBLE ENTRY,SMALL RETAIL STORE,42.016461083,-87.690207966
14121452,JK162319,2026-02-26T03:25:00.000,055XX W MONTROSE AVE,BATTERY,"AGGRAVATED P.O. - HANDS, FISTS, FEET, NO / MINOR INJURY",APARTMENT,41.960499586,-87.76584571
14121463,JK162370,2026-02-26T03:21:00.000,082XX S PRAIRIE AVE,MOTOR VEHICLE THEFT,AUTOMOBILE,STREET,41.744699506,-87.617983718
14121444,JK162315,2026-02-26T03:20:00.000,004XX E 81ST ST,BATTERY,DOMESTIC BATTERY SIMPLE,APARTMENT,41.747479766,-87.61407213
14121431,JK162318,2026-02-26T03:11:00.000,068XX S PERRY AVE,OTHER OFFENSE,HARASSMENT BY TELEPHONE,RESIDENCE,41.77029895,-87.628293582
14121461,JK162311,2026-02-26T03:08:00.000,0000X E ADAMS ST,BURGLARY,ATTEMPT FORCIBLE ENTRY,SMALL RETAIL STORE,41.879505465,-87.626683155
14121434,JK162317,2026-02-26T03:02:00.000,027XX W WINONA ST,BATTERY,"PROTECTED EMPLOYEE - HANDS, FISTS, FEET, NO / MINOR INJURY",HOSPITAL BUILDING / GROUNDS,41.97476273,-87.697534046
14121401,JK162304,2026-02-26T03:01:00.000,009XX S WESTERN AVE,CRIMINAL DAMAGE,TO VEHICLE,ALLEY,41.869938166,-87.686131119
14121476,JK162428,2026-02-26T03:00:00.000,039XX N SHERIDAN RD,THEFT,POCKET-PICKING,CTA TRAIN,41.953885576,-87.65453007
14121438,JK162310,2026-02-26T03:00:00.000,061XX S MICHIGAN AVE,ASSAULT,AGGRAVATED - HANDGUN,STREET,41.782975469,-87.622163602
14123253,JK164645,2026-02-26T02:30:00.000,119XX S STATE ST,BATTERY,DOMESTIC BATTERY SIMPLE,APARTMENT,41.677654444,-87.622643468
14121428,JK162298,2026-02-26T02:24:00.000,013XX S SPAULDING AVE,OFFENSE INVOLVING CHILDREN,CHILD ABANDONMENT,RESIDENCE,41.863819048,-87.708028901
14121394,JK162302,2026-02-26T02:22:00.000,040XX W 58TH ST,OTHER OFFENSE,FALSE / STOLEN / ALTERED TRP,STREET,41.787747198,-87.723747652
14121443,JK162299,2026-02-26T02:20:00.000,016XX W 79TH ST,CRIMINAL DAMAGE,TO PROPERTY,APARTMENT,41.750332165,-87.665155275
14121465,JK162338,2026-02-26T02:00:00.000,056XX S KILPATRICK AVE,CRIMINAL DAMAGE,CRIMINAL DEFACEMENT,CTA TRAIN,41.790754583,-87.739927261
14121612,JK162573,2026-02-26T02:00:00.000,062XX S MICHIGAN AVE,CRIMINAL DAMAGE,TO PROPERTY,RESIDENCE,41.781299119,-87.622229789
14121602,JK162559,2026-02-26T02:00:00.000,016XX E 53RD ST,BATTERY,DOMESTIC BATTERY SIMPLE,STREET,41.7995949,-87.585018964
